{
    "name": "root",
    "gauges": {
        "Hexamaster.Policy.Entropy.mean": {
            "value": 0.8656129837036133,
            "min": 0.7771739363670349,
            "max": 1.180024266242981,
            "count": 8
        },
        "Hexamaster.Policy.CuriosityValueEstimate.mean": {
            "value": 340.08953857421875,
            "min": -2420.170166015625,
            "max": 340.08953857421875,
            "count": 8
        },
        "Hexamaster.Policy.ExtrinsicValueEstimate.mean": {
            "value": -561.4641723632812,
            "min": -561.4641723632812,
            "max": 144.47166442871094,
            "count": 8
        },
        "Hexamaster.Environment.EpisodeLength.mean": {
            "value": 154.86305732484075,
            "min": 143.0233918128655,
            "max": 176.50359712230215,
            "count": 8
        },
        "Hexamaster.Self-play.ELO.mean": {
            "value": -6.843970375859614,
            "min": -6.843970375859614,
            "max": 1108.6475493065489,
            "count": 8
        },
        "Hexamaster.Environment.CumulativeReward.mean": {
            "value": -22.16305461824176,
            "min": -24.130757470293126,
            "max": -20.27383306727279,
            "count": 8
        },
        "Hexamaster.Policy.CuriosityReward.mean": {
            "value": 1.2307564417420462,
            "min": 1.2307564417420462,
            "max": 138.3905686697514,
            "count": 8
        },
        "Hexamaster.Policy.ExtrinsicReward.mean": {
            "value": -22.16305461824176,
            "min": -24.130757470293126,
            "max": -20.27383306727279,
            "count": 8
        },
        "Hexamaster.Losses.ValueLoss.mean": {
            "value": 52560.078125,
            "min": 18021.849609375,
            "max": 849028288.0,
            "count": 8
        },
        "Hexamaster.Losses.PolicyLoss.mean": {
            "value": 0.02486162818968296,
            "min": 0.02223038300871849,
            "max": 0.11025048047304153,
            "count": 8
        },
        "Hexamaster.Policy.LearningRate.mean": {
            "value": 0.2977500855922699,
            "min": 0.2977500855922699,
            "max": 0.29984602332115173,
            "count": 8
        },
        "Hexamaster.Policy.Epsilon.mean": {
            "value": 0.1992500275373459,
            "min": 0.1992500275373459,
            "max": 0.19994865357875824,
            "count": 8
        },
        "Hexamaster.Policy.Beta.mean": {
            "value": 0.004962575621902943,
            "min": 0.004962575621902943,
            "max": 0.0049974387511610985,
            "count": 8
        },
        "Hexamaster.Losses.CuriosityForwardLoss.mean": {
            "value": 0.42519858479499817,
            "min": 0.42519858479499817,
            "max": 1536.3544921875,
            "count": 8
        },
        "Hexamaster.Losses.CuriosityInverseLoss.mean": {
            "value": 1.445934772491455,
            "min": 1.3808813095092773,
            "max": 7.004186153411865,
            "count": 8
        },
        "Hexamaster.IsTraining.mean": {
            "value": 1.0,
            "min": 1.0,
            "max": 1.0,
            "count": 8
        }
    },
    "metadata": {
        "timer_format_version": "0.1.0",
        "start_time_seconds": "1623365143",
        "python_version": "3.8.3 (tags/v3.8.3:6f8c832, May 13 2020, 22:37:02) [MSC v.1924 64 bit (AMD64)]",
        "command_line_arguments": "C:\\Python38\\Scripts\\mlagents-learn results/configuration.YAML --run-id=9 --force",
        "mlagents_version": "0.20.0",
        "mlagents_envs_version": "0.20.0",
        "communication_protocol_version": "1.1.0",
        "tensorflow_version": "2.3.2",
        "numpy_version": "1.18.5",
        "end_time_seconds": "1623369260"
    },
    "total": 4116.1182674,
    "count": 1,
    "self": 0.0044106000004831,
    "children": {
        "run_training.setup": {
            "total": 0.00538419999999995,
            "count": 1,
            "self": 0.00538419999999995
        },
        "TrainerController.start_learning": {
            "total": 4116.1084726,
            "count": 1,
            "self": 1.9073656000073242,
            "children": {
                "TrainerController._reset_env": {
                    "total": 11.52305520000025,
                    "count": 9,
                    "self": 11.52305520000025
                },
                "TrainerController.advance": {
                    "total": 4099.569657499993,
                    "count": 65245,
                    "self": 0.7242765000391955,
                    "children": {
                        "env_step": {
                            "total": 4098.845380999954,
                            "count": 65245,
                            "self": 4041.2400967998933,
                            "children": {
                                "SubprocessEnvManager._take_step": {
                                    "total": 56.75597600005434,
                                    "count": 65245,
                                    "self": 1.6572509000596156,
                                    "children": {
                                        "TFPolicy.evaluate": {
                                            "total": 55.098725099994724,
                                            "count": 65245,
                                            "self": 55.098725099994724
                                        }
                                    }
                                },
                                "workers": {
                                    "total": 0.8493082000061563,
                                    "count": 65244,
                                    "self": 0.0,
                                    "children": {
                                        "worker_root": {
                                            "total": 4102.817463200009,
                                            "count": 65244,
                                            "is_parallel": true,
                                            "self": 147.8591833000237,
                                            "children": {
                                                "steps_from_proto": {
                                                    "total": 0.012334099999442572,
                                                    "count": 9,
                                                    "is_parallel": true,
                                                    "self": 0.0034453000001537504,
                                                    "children": {
                                                        "_process_vector_observation": {
                                                            "total": 0.008888799999288821,
                                                            "count": 18,
                                                            "is_parallel": true,
                                                            "self": 0.008888799999288821
                                                        }
                                                    }
                                                },
                                                "UnityEnvironment.step": {
                                                    "total": 3954.945945799986,
                                                    "count": 65244,
                                                    "is_parallel": true,
                                                    "self": 6.286837099991317,
                                                    "children": {
                                                        "UnityEnvironment._generate_step_input": {
                                                            "total": 13.72534829997413,
                                                            "count": 65244,