{"count":1,"self":47.514899199999995,"total":57.173577599999994,"children":{"AgentSendState":{"count":2551,"self":0.061180899999999996,"total":7.4732195999999993,"children":{"CollectObservations":{"count":2228,"self":7.408036,"total":7.4080360999999995,"children":null},"CollectDiscreteActionMasks":{"count":2228,"self":0.0040025999999999994,"total":0.0040025999999999994,"children":null}}},"DecideAction":{"count":2551,"self":1.8728676,"total":1.8728677,"children":null},"AgentAct":{"count":2551,"self":0.31209149999999997,"total":0.31209149999999997,"children":null}},"gauges":{},"metadata":{"timer_format_version":"0.1.0","start_time_seconds":"1623356362","unity_version":"2020.3.2f1","command_line_arguments":"C:\\Users\\Avea\\Unity\\Unity Installs\\2020.3.2f1\\Editor\\Unity.exe -projectpath C:\/Users\/Avea\/Unity\/Unity Projects\/HexChess -useHub -hubIPC -cloudEnvironment production -hubSessionId 8c7cbde0-ca28-11eb-9022-75e669a35841 -accessToken a4lVjbu-_Im085O0ateg288pd5tzctyacsFaR5KilcY001f","communication_protocol_version":"1.0.0","com.unity.ml-agents_version":"1.0.8","scene_name":"SandboxMode","end_time_seconds":"1623356419"}}