{
    "name": "root",
    "metadata": {
        "timer_format_version": "0.1.0",
        "start_time_seconds": "1622963961",
        "python_version": "3.8.3 (tags/v3.8.3:6f8c832, May 13 2020, 22:37:02) [MSC v.1924 64 bit (AMD64)]",
        "command_line_arguments": "C:\\Python38\\Scripts\\mlagents-learn results/configuration.YAML --run-id=4 --resume",
        "mlagents_version": "0.20.0",
        "mlagents_envs_version": "0.20.0",
        "communication_protocol_version": "1.1.0",
        "tensorflow_version": "2.3.2",
        "numpy_version": "1.18.5",
        "end_time_seconds": "1622964154"
    },
    "total": 192.9594967,
    "count": 1,
    "self": 0.0035816000000181702,
    "children": {
        "run_training.setup": {
            "total": 0.005568899999999877,
            "count": 1,
            "self": 0.005568899999999877
        },
        "TrainerController.start_learning": {
            "total": 192.95034619999998,
            "count": 1,
            "self": 0.0031136999999716863,
            "children": {
                "TrainerController._reset_env": {
                    "total": 16.885041299999997,
                    "count": 1,
                    "self": 16.885041299999997
                },
                "TrainerController.advance": {
                    "total": 173.3358548,
                    "count": 79,
                    "self": 0.0006992000000707321,
                    "children": {
                        "env_step": {
                            "total": 173.33515559999992,
                            "count": 79,
                            "self": 173.22987409999993,
                            "children": {
                                "SubprocessEnvManager._take_step": {
                                    "total": 0.1045185999999454,
                                    "count": 79,
                                    "self": 0.0013140999999521341,
                                    "children": {
                                        "TFPolicy.evaluate": {
                                            "total": 0.10320449999999326,
                                            "count": 78,
                                            "self": 0.10320449999999326
                                        }
                                    }
                                },
                                "workers": {
                                    "total": 0.000762900000040645,
                                    "count": 78,
                                    "self": 0.0,
                                    "children": {
                                        "worker_root": {
                                            "total": 157.6503538,
                                            "count": 78,
                                            "is_parallel": true,
                                            "self": 1.5844374000000983,
                                            "children": {
                                                "steps_from_proto": {
                                                    "total": 0.0003507999999996514,
                                                    "count": 1,
                                                    "is_parallel": true,
                                                    "self": 0.00014359999999946638,
                                                    "children": {
                                                        "_process_vector_observation": {
                                                            "total": 0.00020720000000018501,
                                                            "count": 2,
                                                            "is_parallel": true,
                                                            "self": 0.00020720000000018501
                                                        }
                                                    }
                                                },
                                                "UnityEnvironment.step": {
                                                    "total": 156.0655655999999,
                                                    "count": 78,
                                                    "is_parallel": true,
                                                    "self": 0.0033031999998911488,
                                                    "children": {
                                                        "UnityEnvironment._generate_step_input": {
                                                            "total": 0.0057640000000453995,
                                                            "count": 78,
                                                            "is_parallel": true,
                                                            "self": 0.0057640000000453995
                                                        },
                                                        "communicator.exchange": {
                                                            "total": 156.03727769999992,
                                                            "count": 78,
                                                            "is_parallel": true,
                                                            "self": 156.03727769999992
                                                        },
                                                        "steps_from_proto": {
                                                            "total": 0.019220700000026625,
                                                            "count": 78,
                                                            "is_parallel": true,
                                                            "self": 0.00739400000004764,
                                                            "children": {
                                                                "_process_vector_observation": {
                                                                    "total": 0.011826699999978985,
                                                                    "count": 156,
                                                                    "is_parallel": true,
                                                                    "self": 0.011826699999978985
                                                                }
                                                            }
                                                        }
                                                    }
                                                }
                                            }
                                        }
                                    }
                                }
                            }
                        }
                    }
                },
                "trainer_threads": {
                    "total": 1.679999999737447e-05,
                    "count": 1,
                    "self": 1.679999999737447e-05,
                    "children": {
                        "thread_root": {
                            "total": 0.0,
                            "count": 0,
                            "is_parallel": true,
                            "self": 0.0,
                            "children": {
                                "trainer_advance": {
                                    "total": 173.1954900999998,
                                    "count": 11172,
                                    "is_parallel": true,
                                    "self": 0.2705338999999185,
                                    "children": {
                                        "process_trajectory": {
                                            "total": 172.92495619999988,
                                            "count": 11172,
                                            "is_parallel": true,